,precision,recall,f1-score,support
0,0.941594317284925,0.805863280194542,0.8684574506806435,7402.0
1,0.581537565521258,0.8436839881706801,0.6885019824168247,2367.0
accuracy,0.8150271266250384,0.8150271266250384,0.8150271266250384,0.8150271266250384
macro avg,0.7615659414030915,0.8247736341826111,0.778479716548734,9769.0
weighted avg,0.8543536241306,0.8150271266250384,0.8248547694051334,9769.0
