,precision,recall,f1-score,support
0,0.9421579532814238,0.800999729802756,0.865863453815261,7402.0
1,0.5762370540851554,0.8462188424165611,0.6856067088824235,2367.0
accuracy,0.8119561879414474,0.8119561879414474,0.8119561879414474,0.8119561879414474
macro avg,0.7591975036832896,0.8236092861096586,0.7757350813488422,9769.0
weighted avg,0.8534963944322511,0.8119561879414474,0.8221877740879576,9769.0
