,precision,recall,f1-score,support
0,0.9417429744237449,0.805863280194542,0.8685206755969715,7402.0
1,0.5816593886462882,0.844106463878327,0.688728024819028,2367.0
accuracy,0.8151294912478247,0.8151294912478247,0.8151294912478247,0.8151294912478247
macro avg,0.7617011815350165,0.8249848720364346,0.7786243502079997,9769.0
weighted avg,0.8544957794667134,0.8151294912478247,0.8249574445199531,9769.0
