,DummyClassifier,LogisticRegression,RandomForestClassifier
fit_time,0.0309084415435791,3.0091243505477907,6.4579720258712765
score_time,0.0043772697448730465,0.008028745651245117,0.1432274103164673
test_accuracy,0.6361002440282364,0.8099775986697766,0.855870476432415
train_accuracy,0.635427585807425,0.8109034414879253,0.9999512501888951
test_f1,0.240092659132474,0.6819067021637886,0.6691644371821266
train_f1,0.24192848778304601,0.6838376794041394,0.9998985163070078
