,fit_time,score_time,test_accuracy,train_accuracy,test_f1,train_f1
0,3.4420313835144043,0.13101935386657715,0.854573371353367,1.0,0.6653205451792025,1.0
1,3.5300257205963135,0.12099957466125488,0.8532572932660671,0.9998354631711731,0.6679900744416873,0.9996574169236041
2,3.399000406265259,0.14200043678283691,0.8547608600263273,0.9998903147965339,0.6659939455095862,0.9997716373601279
3,3.3179967403411865,0.13003182411193848,0.8538832821412901,0.9998903147965339,0.658811475409836,0.9997716373601279
4,3.1240859031677246,0.15299606323242188,0.8505923650724002,1.0,0.6666666666666666,1.0
