,DummyClassifier,LogisticRegression,RandomForestClassifier
fit_time,0.010500431060791016,0.3842015266418457,3.8234184265136717
score_time,0.0021047115325927733,0.005298686027526855,0.07780208587646484
test_accuracy,0.633555807025242,0.8096265482706325,0.8532380122091098
train_accuracy,0.6347743938093213,0.8111179388980755,0.9999268751645107
test_f1,0.23537085223000914,0.6811391638559707,0.6649857127958245
train_f1,0.2394983839755085,0.6840787939118974,0.9998477620995672
