,DummyClassifier,LogisticRegression,RandomForestClassifier
fit_time,0.024601554870605467,2.943653607368469,7.354191303253174
score_time,0.004097461700439453,0.009305644035339355,0.13560001850128173
test_accuracy,0.6336434108527133,0.8099775986697766,0.855738705033756
train_accuracy,0.6344477623983817,0.8108985665305809,0.9999268751645107
test_f1,0.24134279894806884,0.6819067021637886,0.669597311358151
train_f1,0.23748647396245365,0.6838423990851766,0.9998477662181401
