,DummyClassifier,LogisticRegression,RandomForestClassifier
fit_time,0.02749955654144287,2.712299132347107,6.0950031042098995
score_time,0.005100727081298828,0.00730283260345459,0.12350273132324219
test_accuracy,0.6312731615128211,0.8099775986697766,0.8568353117326003
train_accuracy,0.6343551386841708,0.8108985665305809,0.9999268751645107
test_f1,0.23400384190263845,0.6819067021637886,0.6715968780425717
train_f1,0.23827997383129557,0.6838423990851766,0.9998477724022706
