,DummyClassifier,LogisticRegression,RandomForestClassifier
fit_time,0.026578307151794434,1.2095266580581665,5.000822877883911
score_time,0.0033194780349731444,0.009066176414489747,0.10867915153503419
test_accuracy,0.637898970770498,0.8095388289723869,0.8538521627676035
train_accuracy,0.6349888795739516,0.8111033137883794,0.9999268749268472
test_f1,0.2433540030910429,0.6809408255225347,0.6661021673379741
train_f1,0.2387181295751677,0.6840723024655284,0.9998477600394449
