,fit_time,score_time,test_accuracy,train_accuracy,test_f1,train_f1
0,0.42000484466552734,0.008998394012451172,0.8034656722965563,0.8130313168430867,0.6688839615668885,0.68687425369707
1,0.3280003070831299,0.006997823715209961,0.8047817503838561,0.8116601766028629,0.6763636363636364,0.6849541284403668
2,0.30300235748291016,0.0069980621337890625,0.8128565160157964,0.8105736536141275,0.684424713281539,0.6828865222181418
3,0.3280069828033447,0.0059969425201416016,0.8124177270732778,0.8104639684106614,0.6860080793242748,0.6828775922187558
4,0.38100242614746094,0.005999565124511719,0.8089074155331286,0.8122189316661182,0.6824644549763033,0.6850625459896983
