,DummyClassifier,LogisticRegression,RandomForestClassifier
fit_time,0.04125521183013916,3.596065068244934,9.051172542572022
score_time,0.008971881866455079,0.007125496864318848,0.19835381507873534
test_accuracy,0.635662513567816,0.8099775986697766,0.8564407480966567
train_accuracy,0.635339899556105,0.8109034414879253,0.9999415000365431
test_f1,0.24117611398242023,0.6819067021637886,0.6703238790839239
train_f1,0.24082145386884474,0.6838376794041394,0.9998782179211474
